UMAP1,UMAP2
11.803939,9.860996
7.1527343,-2.8065083
10.356758,9.567514
-2.7036598,7.5442166
1.3280399,6.451054
1.1707717,4.583656
5.626329,1.807901
0.9590369,8.302796
1.3134251,8.428545
-3.6161497,4.1321554
12.084706,6.8237734
12.095174,10.51051
7.107461,-2.2027812
11.260225,6.9120245
11.879087,9.627242
-2.8605359,3.4986243
11.603719,7.6651006
1.5083841,3.608251
8.092782,-0.6316785
11.350518,7.0026994
9.249586,9.762217
0.4731908,3.5808513
1.2277988,5.2832766
-0.3373731,6.1777077
12.69675,7.878231
-2.5895014,3.3723345
-2.4929533,7.703866
9.280142,9.899007
12.962608,7.527547
10.980037,7.8011384
-1.2311412,7.4563656
7.1142607,-2.1796694
10.524398,9.396735
7.5174775,-2.6686418
1.2904693,4.64701
2.8047013,8.463898
6.8528633,1.2773226
11.800859,9.409715
2.3537657,3.8361137
1.0123788,7.9449096
-1.9683619,7.9672294
1.552306,8.317684
11.909473,10.912263
12.082542,6.7575073
-1.7963356,7.0216107
0.77518797,3.7905755
5.3626957,1.993552
10.26155,10.053231
7.721885,1.4586898
11.726086,10.907406
1.3136088,4.759238
10.365446,10.148394
12.02005,10.183049
7.140222,0.7484401
0.47772425,5.5831747
11.548918,10.075427
1.3613839,4.843975
5.4653215,1.2396793
5.5617027,1.1081012
10.400417,9.574008
-1.7218589,7.02846
-3.9642808,3.3741558
2.055061,4.9166117
1.1914654,5.0563593
0.79730964,3.3827403
10.518726,9.654195
2.0754333,3.9556015
-1.3675435,3.545503
11.077052,7.721134
7.716859,1.5456699
9.8101845,10.105225
11.264554,10.581868
12.078649,6.7445145
11.309639,8.212736
7.3985443,1.7423922
-2.077508,7.934265
2.8646436,8.482913
10.957157,7.827369
11.850908,10.578699
-3.0992086,3.9750023
-2.3168945,2.5351815
5.9588523,1.1353459
10.092781,10.881323
-0.55970526,6.0558333
7.10685,-0.20828009
1.6163584,7.3497825
-2.7212224,7.5411315
5.503983,1.4533533
6.648731,-2.760532
10.450664,9.198146
11.2776985,7.777333
6.508516,0.2947279
6.807701,0.016574932
2.6962912,3.6956935
10.4225645,9.12371
9.4254055,9.530682
2.7636905,8.303603
-3.1068401,3.341232
2.0976322,3.786955
7.7519584,0.91955626
10.339831,9.863048
2.0602078,4.253144
11.378401,9.76765
0.6002457,5.606824
11.9296465,10.430582
0.20200746,6.337896
6.8306537,-2.7041092
10.189149,10.761921
2.7422721,4.5808334
-2.396397,1.9073433
-2.4418392,7.354591
1.971145,4.5616627
6.768299,0.25479147
-2.5290668,2.1998158
7.669326,1.6275647
11.943038,10.4260235
10.343605,8.521812
11.600786,10.908642
-3.3536832,1.9926484
0.3568004,4.363273
1.224905,5.0824857
4.984789,0.97857404
10.649755,9.73626
-1.7244327,2.9022148
9.853871,9.421774
8.002043,-0.54120404
-2.690542,2.6095977
7.8153043,-2.5763671
7.5088825,-2.747087
11.340194,10.307116
0.76401895,3.7227232
9.651533,9.673921
5.0067496,1.3520956
-1.2460915,7.836378
-1.8644027,3.6955385
-1.5269188,7.6326385
-2.1145654,7.5800843
-2.1728396,2.2679682
10.893163,7.796566
-1.8544725,3.128214
-0.60089016,5.9502335
0.21232484,6.2273583
7.12931,0.81312484
0.64484143,4.303193
10.228122,9.217738
6.024005,1.2995692
6.7862463,-3.0118573
-2.6685767,7.7346225
12.260259,10.281152
7.5677457,-2.3619945
10.307949,9.184852
-2.0986545,6.84457
11.573927,9.846792
9.259378,9.781942
-3.2995434,3.2053223
11.935147,9.481791
12.415394,7.910947
11.720897,10.97001
-3.468252,3.7765176
-3.628084,3.6385427
-1.8156093,7.05971
-3.9464777,3.3350618
-3.3821638,1.9450953
6.734517,1.2016323
1.7749938,3.4476368
10.625702,9.169398
-2.8052835,1.9875056
-3.4732723,3.5806212
10.4685955,9.225467
1.475013,6.932228
2.7380478,8.325805
10.079775,9.140477
1.6459237,8.289904
11.953681,6.806643
-1.68461,7.7334204
7.0483637,-0.15278572
0.6772183,5.1070485
10.111945,9.999685
-2.5193005,2.6358137
2.938038,9.076691
9.857105,10.23895
-1.7221481,6.999729
-2.239441,3.5363746
-3.9107466,3.4442992
10.071875,8.609508
10.082751,10.791638
10.170224,10.032574
7.5501876,-2.7303514
5.548376,1.2062638
11.938689,10.887891
4.889768,1.9114056
10.019925,10.294988
7.492671,-2.7125115
12.818175,7.753601
-2.0750914,6.9398003
7.0298753,-2.122722
-1.4250814,6.2838745
4.6951213,1.354647
0.6314655,5.841622
10.142345,9.435356
-2.031083,2.7429993
-1.3437872,3.5437655
10.52693,10.501759
-1.0541685,6.576157
7.7935658,-2.3293464
9.411848,9.367317
6.2073665,0.5487012
1.704498,3.725591
2.6876447,8.207472
10.019932,9.154949
1.0631185,5.2168913
0.91188467,8.253553
4.690794,1.3177116
-1.2956115,7.6839256
-0.46148968,6.777941
4.642921,1.3543255
9.722416,10.11312
1.4159868,7.8460264
6.4255443,-2.1824212
4.5466285,2.0817456
-1.7224971,7.091682
12.508626,7.7175903
1.2451401,4.367973
2.634823,8.596183
1.4747145,7.909308
5.4447417,1.2232903
7.2483997,1.1892526
11.077054,10.774986
2.535558,3.8192465
7.6931973,1.6674631
10.192587,10.508365
0.29887262,4.7314644
-3.3390214,1.8577651
0.8808853,3.2801158
1.7528616,3.5625238
9.662947,10.491891
2.2047238,3.6042778
7.297814,-0.20882271
7.393451,1.1883637
10.826658,11.061888
11.970178,7.1944127
0.88304394,3.5599751
7.685754,0.20783322
0.6102053,4.0500164
5.9088006,1.5678564
6.8100305,-3.1180556
7.537037,-2.4730122
7.8436203,1.5063964
4.9113064,1.216376
1.4532061,6.841459
1.1152478,8.301041
-2.4897435,2.833285
-2.410939,2.5994046
10.432345,10.85897
-2.2153785,2.5067997
10.325731,10.904068
-2.485275,7.7128596
11.866549,9.792674
6.871431,0.3044925
1.0735527,6.7410755
-3.480013,3.7431824
6.6480026,-2.6913257
0.84453565,4.64947
11.513074,9.194982
10.5745735,10.171125
11.607109,10.245799
4.9554005,1.25998
2.9511726,8.940838
-0.4755317,6.7689624
11.634175,7.6639085
1.2465318,6.007678
-3.1970417,1.8046098
-1.773956,6.952464
10.33958,9.558651
1.7336857,4.327236
11.163873,11.188307
12.28333,7.916715
12.077853,6.7415066
-1.9281834,6.6667333
10.092675,10.46729
-3.7312438,3.639055
-2.9693797,3.3255708
0.48225862,3.5330317
7.8843555,-0.6509953
0.91376877,8.329797
11.907002,10.358765
5.2586317,1.1852857
7.100508,-2.8713627
0.59529257,5.449733
1.5737412,7.2288013
7.200571,1.0978998
-2.20952,6.8363056
10.160531,11.005317
12.657119,7.8988924
12.384233,9.98059
0.27725694,5.416289
11.247719,7.1836834
7.090045,1.3095286
-3.5388863,2.8735023
11.458094,10.135757
-3.8782742,3.3024344
-2.9810297,2.0501974
-3.0612626,3.6325471
5.721232,1.8960158
-3.2539203,3.4403489
1.4803109,5.0355906
-1.85347,6.9743524
7.691208,-2.2782624
4.8625665,1.3546408
5.4693832,1.3487031
10.051954,9.081991
7.552776,0.022382217
-2.604286,7.7024913
-3.2325323,2.2967713
7.666673,0.30737868
7.641661,1.6136007
12.917343,7.5536456
0.5627166,4.289408
1.2126143,8.520439
-2.0409982,7.4717503
4.9940357,2.091817
11.084712,9.858421
-1.7702982,7.963537
9.8606615,9.753301
11.304743,10.4953985
12.900119,7.6105733
0.53584135,3.49042
1.6916965,5.9697313
2.572336,8.866234
12.20034,10.295322
-3.1223915,3.791852
10.785867,10.962792
6.60043,-2.6635664
1.3556575,7.5781875
1.2200392,4.8009124
2.1977782,3.5385678
12.088819,9.976911
10.060721,9.872479
4.8535247,1.233097
6.8440757,-2.97691
-0.75684637,6.3989987
10.206101,10.136868
10.417465,8.784088
-1.8673611,3.0764897
10.536599,11.015485
5.4361672,1.227129
-3.8402944,3.449322
1.1157894,8.291669
-2.0109837,3.6955924
5.528047,1.606933
9.743394,9.701085
7.6636534,1.6296784
10.230539,10.248066
4.828,1.2646976
2.7051203,8.291706
-2.297354,3.6581185
7.001488,-0.01984305
4.5677886,1.4038298
7.6512065,-2.145206
6.8973002,-2.2300072
12.711096,7.823589
7.832666,0.983689
0.7744618,3.6690214
7.657833,1.624815
-2.370869,2.532175
-2.101097,6.9531035
12.5327635,7.9133506
-2.1690376,2.2437541
6.9370484,0.22637017
7.761594,1.0794913
0.58981305,6.005537
1.3842812,4.32191
-0.89778155,6.535777
4.6036096,1.327729
10.356187,11.078336
1.0723959,6.6558905
11.624082,10.932768
11.82598,7.537893
0.9607141,4.7491493
9.633091,9.083373
-2.6345625,3.3791492
-1.6479611,7.697866
7.676607,1.6061563
3.0779982,8.917421
7.6104364,-2.6320803
10.317314,9.835277
6.781374,-3.1093974
11.567781,7.63457
6.995796,-2.2437415
-3.638191,3.7019885
7.7202225,0.299775
7.4760547,-2.1276703
1.2959608,8.463467
-1.816813,3.6698017
8.131927,-0.68256193
2.448201,3.9683259
0.9477596,4.0195446
5.996621,1.9021765
1.1613317,4.4428964
10.244071,9.297283
2.5264812,8.635265
9.69526,9.006581
11.376479,10.908064
-1.2510536,3.6453934
1.8829547,8.119577
-2.7607994,7.5364165
1.4865972,7.785351
9.826552,8.980657
9.328477,9.693314
-3.52877,2.828178
10.235576,10.674962
0.7903365,3.7470484
2.6752565,8.404261
2.2865515,4.147493
11.582401,9.758109
-0.40855047,6.897906
2.1164026,3.9311008
1.6400962,4.2870803
7.2337627,0.91927177
1.238229,7.107526
5.2795076,1.9247
5.6158442,1.0253556
1.1690531,7.6620507
3.1665235,8.817783
-1.9398494,7.3937874
1.5638258,6.683693
11.509313,7.622049
7.8388486,0.99215543
11.938586,6.727678
12.632736,7.835099
7.1531453,-0.08918415
11.19204,11.157412
-1.9964455,7.910485
1.7258059,6.0264177
5.156651,1.7510899
1.6925124,4.029608
6.809623,0.28215778
-2.4111788,1.8564222
1.3869742,3.9879885
-2.4044936,3.5585196
10.860413,10.374058
0.8400822,7.749606
1.1072996,5.9304357
9.602197,10.503235
0.70184475,3.866923
12.207335,10.323253
6.550231,0.28741148
10.424719,10.88369
-2.5165431,7.226499
12.25064,9.902185
9.740176,9.125089
7.793387,0.964366
-2.003815,3.949537
0.62983495,4.3315473
2.2466266,3.767619
-2.4504528,7.6777973
0.6133528,4.3039107
-3.0648863,3.9044602
7.2002687,1.0714898
1.9935993,4.0534267
7.770741,-2.7023857
0.79063135,5.796663
0.2413567,5.4157324
-0.44555992,6.8335934
1.4056174,7.6409626
7.187409,-0.13276981
6.5892954,1.6041541
-1.0291905,6.649822
10.565671,9.170821
11.982988,10.305899
0.7496505,3.7234979
0.46263644,4.887258
-2.5298872,7.498163
12.246036,7.5803757
0.90657926,3.5487323
7.11486,1.7489988
9.674719,9.527089
4.9229374,1.2815957
11.983362,8.655864
5.056725,1.6104321
7.1092205,0.713404
1.2627239,3.2152762
1.5798118,4.796016
10.153452,9.280797
-2.972251,4.0921483
1.3213817,7.1203365
12.062692,6.768137
0.6160208,3.4778106
1.2341783,7.111053
11.788775,9.156036
2.1423945,4.1522985
11.934871,10.791138
11.2628765,6.9324317
3.2972155,3.324896
0.96777683,7.744205
4.9589076,2.096763
-2.2513046,3.8801088
9.751656,10.75801
0.23130347,6.014255
11.476753,10.185627
-2.6904213,3.313081
7.5042467,1.4676208
10.256264,9.143136
9.6429,9.710207
6.9665546,-3.0952249
11.589827,10.150494
11.189254,7.101531
9.475912,9.268549
-1.593303,7.7530417
-1.6199485,7.324005
9.856731,9.132446
10.561127,8.107133
11.656187,9.97149
-1.8447881,2.9697273
5.0521746,1.6700268
4.7216067,2.3061175
-1.405764,3.1718833
-2.4678223,3.6553996
7.559893,1.4010888
0.25293174,6.0396404
-2.4937947,7.6531615
11.054673,9.985062
1.6068441,6.5431747
7.3036776,-0.25876775
2.6668224,8.677173
6.516941,1.5830806
7.536448,0.32069582
9.688586,9.09773
2.365855,4.151156
2.7184598,8.260923
11.783456,10.519818
-2.0149167,6.654905
-3.7438421,3.5923176
-3.2210267,1.8480896
7.7204247,-2.685579
7.1665826,0.8084764
5.551093,1.0683961
11.624358,7.329977
10.451649,9.466412
-2.5654194,3.4236717
4.9738455,1.906631
10.308865,11.099981
12.158959,6.845541
1.3637195,3.194028
-2.554406,7.7608805
11.345495,10.932405
1.7474548,4.9044333
2.5226147,4.474707
6.051572,0.7220523
1.4099298,6.6556225
4.6832438,1.4611442
-2.9897573,2.1211386
7.450633,1.1971666
-2.8946118,3.3122163
-0.59289426,6.8238883
-2.91594,1.9608508
7.7359595,-0.6251261
0.83946615,6.289575
1.3274715,7.889681
0.689139,3.6943758
-3.84457,3.3659253
-3.6028128,3.6085596
-3.1039667,2.0628939
-2.1488633,2.504153
-2.0586417,2.6936464
-0.35844728,6.1847644
-2.5463502,1.8428667
11.727854,7.401989
-2.2903593,6.7787924
-2.9535816,1.6703672
12.078455,9.87003
1.914928,4.7070823
0.5802981,5.536273
11.109888,7.635575
7.648592,0.25484273
10.206759,11.085489
11.244112,11.102108
-2.623885,7.6857505
10.634868,8.1181555
1.4450632,8.490435
7.684634,1.6077546
-3.3201668,1.9432535
2.7473764,8.816113
-1.5135889,7.5133386
7.643723,1.0643529
0.9923433,4.5343037
12.309679,10.194148
-1.148408,3.4778166
-2.2211063,2.480329
7.677929,0.31900126
6.900313,1.2879093
6.938446,-3.050405
2.860716,9.1189785
9.958971,9.083962
12.62247,7.751379
12.318518,7.8142414
2.9,9.092517
-3.5577908,2.889891
11.593851,9.03473
-2.218499,3.814557
7.270579,-3.0740743
1.1051925,6.606489
6.641333,-2.8538864
0.6446212,6.179084
0.5342314,6.0227165
12.694994,7.8564577
12.3329525,9.904925
7.724488,-0.6335098
10.5627165,9.159241
-1.717315,7.0698586
4.401238,2.509655
1.8075079,3.5793102
6.892695,-2.139411
7.231482,1.770478
0.922406,3.8875105
10.162564,8.66041
2.5220857,4.447585
12.550633,7.363256
11.043992,10.453312
7.2018914,-2.6697273
12.105857,9.994794
1.0964824,5.2238736
4.746197,1.5344157
1.9331739,4.484238
1.4274822,4.3710747
9.389557,9.563635
4.7869897,1.4048721
5.965624,1.4686772
9.529046,9.68965
-1.9499675,2.7858741
10.274763,10.246897
6.1909676,0.6001116
1.9404238,4.693458
0.79237354,5.21715
11.645828,10.067137
-1.6250012,7.8580585
2.0214162,3.5228617
1.553843,6.7730446
6.070941,1.3734934
10.102266,8.166415
-0.87299573,6.024109
11.976087,7.1948223
1.943905,4.247422
7.344492,-3.047481
0.37987962,4.945074
-2.0928993,6.956653
4.846532,2.0203493
12.062557,6.79219
11.780575,7.2700777
11.636616,7.3356237
1.303181,8.43608
7.7895103,-0.65725315
1.1227131,8.22428
-2.4125733,1.8992879
1.5245628,4.3616524
6.9393845,-1.9095148
3.0106516,3.4490504
2.3025746,4.2303925
4.8142457,1.2448086
-3.9384897,3.462609
0.5480826,4.0545874
11.925276,10.501367
2.5563633,8.838865
11.716376,10.222558
5.332819,1.5224569
11.072308,10.580131
11.359822,7.698673
-0.74438673,6.000923
9.879244,8.964962
5.0482745,1.7018785
11.173593,10.627382
9.224887,9.769981
9.767153,8.914261
10.634552,9.582012
5.1579075,1.3004245
12.218692,10.100179
1.6824706,6.873162
12.093713,6.866738
7.3025804,-2.3387046
-2.4916468,2.2255206
13.020623,7.5344744
7.3553457,-2.3796158
11.975593,9.243899
10.132557,9.440716
5.2748594,1.662949
2.0784001,4.2084727
4.6382456,1.4095312
11.464363,9.867313
6.4363737,0.35947832
2.210409,3.5405188
6.874155,0.18503177
5.5053873,1.3636488
0.41838646,3.872481
1.2371105,8.532183
-2.0814497,7.6974792
4.930582,1.3123761
7.7587423,0.95568717
10.525373,8.768037
-1.225059,6.754849
10.068849,10.421169
11.464565,9.905145
-1.64367,7.6712666
4.8402815,1.9902294
7.152179,-2.7389529
0.84888804,4.118491
11.662975,8.656764
1.5683478,7.8685155
10.521657,11.09903
-1.6509953,7.934517
-1.4275714,6.2630253
9.737278,9.543961
11.708793,10.865995
-1.3910177,3.0963733
10.03591,9.479664
7.5365973,-2.4978397
-1.3496177,3.4498749
1.3173095,4.743225
7.3349233,-2.867921
0.9437937,3.178413
9.565879,9.355709
2.4820437,3.737168
1.2420523,5.973663
2.8350894,8.964404
2.330506,3.6502273
5.08619,1.2506804
-2.4702065,2.6615984
7.4213023,-2.99348
2.7599728,8.34405
10.006315,9.08206
9.527491,9.290256
2.5810885,8.586224
11.888821,10.70644
7.3950677,1.0924627
10.244566,9.23393
9.309321,9.838966
1.6968174,6.016664
4.8919797,1.9864038
10.002672,10.076896
10.021811,10.897066
10.7964735,9.159189
0.69684565,3.8646517
0.69838536,3.5806723
1.3798277,8.495473
1.6368014,7.0821795
2.531524,8.812975
6.3836513,-2.0371957
10.1554575,10.23389
7.540825,0.34359464
12.382531,9.900109
-0.70902467,6.1656914
10.435469,10.390942
10.224284,9.95763
1.8317517,6.9891944
0.31864727,5.8979
1.6646743,5.0134463
10.435915,9.716913
6.4208345,-2.153743
-2.955333,3.3597353
-3.6056085,4.2416277
-3.0025787,4.079167
7.136892,-0.15395096
9.8700695,8.957927
7.671246,-2.7104244
4.5370455,2.4431782
11.817,10.219233
-3.8937793,3.4242775
7.265308,0.98596984
-2.5719235,7.574247
-2.0471423,7.56615
2.7961543,9.131949
-2.952902,2.0983455
5.642241,1.64294
0.6199668,5.8513803
6.5396614,1.6122261
10.043025,10.037067
10.210469,9.001807
12.643044,7.8126116
-3.8914826,3.293817
6.547683,1.2598218
12.461568,7.8991475
0.5434573,5.1675158
5.109081,1.0187584
10.243438,10.49334
-2.3990583,7.257997
1.4151932,5.6469727
6.800284,-2.9747467
-2.9603696,3.964576
11.060135,10.989882
9.625727,9.487941
-1.433191,3.2112896
1.6130011,7.071974
1.0140973,5.704689
-1.7691756,3.7591112
4.5705376,2.4399593
11.252345,6.9265804
7.7766953,0.9101623
11.0847025,10.144203
1.7970049,4.559165
10.1353855,10.744926
1.2061875,5.602603
-3.4500027,3.645217
11.967702,8.962031
0.60123444,4.946647
2.6550522,8.783384
11.358166,10.192821
-2.1520567,7.4155393
12.182267,8.112005
11.603407,7.336774
1.3423761,3.2076125
4.7133665,1.8021004
0.6674854,3.45015
7.0686316,-3.0415652
4.6225986,1.8215511
-2.667142,7.5846033
7.5957847,-2.7844934
11.97096,10.186959
-1.2018899,3.4268577
2.5683532,8.850291
-3.0146418,3.9792635
2.3244162,3.8751416
5.8715887,0.76403576
11.462495,10.49617
7.7848334,-0.63961226
5.4301953,1.4432634
-3.235038,3.3594294
-0.8399146,7.038662
7.1439147,0.8001307
-1.5356113,7.3017025
10.592982,9.318704
9.612259,10.08696
11.426795,10.084612
5.061034,1.2726681
6.6095557,1.2556931
-3.0622241,3.9133894
6.349899,1.3605329
1.2711631,5.30425
10.639089,10.297385
-3.196922,1.8619697
0.63177186,5.8543806
2.9831495,3.529898
1.8527688,8.170642
1.5234977,4.475759
-2.8657494,3.3758345
9.95985,8.935337
-2.1265996,6.876132
-1.5656978,3.003822
11.297611,6.924696
3.053981,8.799684
6.2644687,0.41005054
1.0203973,6.0642343
5.853366,0.78952694
7.519058,-2.8624418
1.4741348,5.165899
-1.5515037,7.4329596
9.628963,9.02292
5.0302496,2.1765833
-2.459248,7.151794
7.7981544,-2.4260974
1.4899191,4.4410057
10.44116,11.011258
6.9146457,-2.1245763
-1.2574036,7.81288
11.923996,10.02503
3.1789553,8.786678
7.264868,0.9706092
-1.6140625,7.969007
6.8316975,-3.128484
-2.6236305,1.8883945
11.194099,10.60077
9.973343,10.079424
7.239699,-2.9410615
-3.4561992,3.4438396
-1.7495307,3.6787057
11.559124,9.967861
-1.6535009,7.169856
7.006388,-2.1203368
9.691242,9.145662
7.75403,-0.6578983
11.79951,9.409847
4.8790364,1.304273
1.640978,4.445944
2.821392,3.5486326
0.94605017,6.1832027
7.3446345,1.1477928
10.120578,9.653789
6.4942975,1.3009598
10.201032,9.124967
10.9456,7.798505
-2.6534054,3.4061482
12.017485,10.854821
11.984386,9.9369755
7.2340593,1.0946842
-1.8519309,6.5014696
11.233946,7.232641
12.059139,10.002298
9.614325,9.084928
4.886394,1.1805955
1.4253541,8.500858
10.704989,10.425202
10.382171,9.38138
10.091397,8.695833
9.656789,9.132571
5.9874864,0.69050634
12.081717,10.203547
-3.5190701,1.8631572
11.864842,10.904294
7.314787,-0.06741198
-3.304459,2.0031862
2.5605004,3.6350298
11.725503,7.2223663
10.617715,10.360149
11.3987875,10.611041
11.649523,10.961564
1.5322464,4.381746
9.897782,8.901712
6.957295,1.2512398
4.9709954,1.1657535
3.1292703,8.850776
12.4327965,9.912667
1.4567943,7.635099
10.349138,9.560381
1.2363455,3.6890297
5.1299787,1.71502
4.9878087,1.478582
4.7479134,1.8089937
0.49012265,5.4188843
11.63563,10.758587
9.330833,9.729156
12.83002,7.4303007
10.799098,8.6596775
1.357908,5.7538285
6.744244,-3.075158
-2.029967,6.549731
5.1091375,1.0570985
1.6964263,7.4226832
-3.1885347,1.7518173
7.649697,-2.1155248
7.3117113,-2.4180772
-2.76241,2.0067856
-2.3535428,2.4586856
2.523295,4.02252
5.325268,1.7468818
-3.9367301,3.3365424
5.8365917,0.8811928
2.1905537,3.8819628
5.53488,1.1086326
1.2271457,8.570725
1.3703687,7.361825
-3.890742,3.4010832
2.091662,4.3120694
9.559897,9.908037
-1.3735845,7.647285
1.1436594,8.188231
-0.42894807,6.89633
10.521091,11.102225
-2.586826,2.7686265
2.801269,9.105782
5.7139015,0.8944863
9.779778,10.284021
10.432251,9.452959
9.628735,9.547984
-1.3924466,3.0894651
-3.3134668,3.674461
0.3406667,4.8698735
7.7124796,-2.6448545
12.722505,7.4462714
7.31304,-0.24618031
4.8987675,1.9743836
10.331414,10.629281
1.1145612,6.0396204
9.674992,10.075557
9.575883,9.837124
11.814509,10.03461
7.7807918,-2.559739
11.6349745,9.876592
2.894497,9.112148
-0.044196367,6.4311295
4.919427,2.067482
7.4045353,-2.7860763
12.95823,7.5596657
9.85959,9.721952
-3.4677389,3.7882428
1.702647,4.0382953
6.089499,1.3020278
5.5159926,1.1973324
11.499227,9.922208
-1.1817732,3.6352015
-1.6069932,7.7898984
0.29254988,6.1646957
5.5931597,1.6967803
1.7005274,4.5039506
9.5414915,9.274704
-3.7525637,3.6183221
7.523158,-2.561363
2.295242,3.5561
1.6491007,7.346491
6.8694553,1.6390197
1.0533001,8.543701
-3.223364,1.7968751
10.740225,8.102868
9.904832,10.883618
10.850989,7.870813
-1.8189443,8.048667
12.7757435,7.84485
-1.9353219,6.667639
1.0662286,7.7678876
-1.2310733,3.4455967
1.708555,7.5461426
-1.5625815,7.397332
1.7774407,4.925775
7.486976,1.3057851
8.131513,-0.6899153
6.7948112,0.29564816
1.6258136,3.7682207
10.124841,10.879179
11.309383,10.925726
10.485441,9.899913
3.1474173,8.818369
10.181467,10.954843
12.663495,8.030818
-3.2668495,1.9962648
7.6720624,-2.1648893
1.8565726,8.114367
-0.024312954,5.3504276
0.86235136,5.370696
-2.9677,4.090633
12.626351,7.318134
9.980044,8.993224
-2.5869997,7.745249
7.6902156,0.39616987
1.768122,7.03148
2.096047,4.6250033
-0.4930569,6.9517407
0.5133774,4.873266
9.880944,10.91357
-3.4288595,1.9018124
9.360433,9.723139
7.711608,-2.03362
1.0674937,8.002842
11.82824,10.426212
-0.52647424,6.790445
11.747364,7.613656
12.206785,10.03471
10.624265,10.397078
0.5013575,3.5876057
0.70234746,4.345259
11.605043,8.959953
7.877333,-2.5507874
1.2306101,5.6084404
-2.8917954,3.2708397
11.597792,10.945867
4.562848,1.6763701
12.644733,7.8237615
9.709037,9.007494
1.4580348,7.642162
2.350179,3.6851678
0.4310312,4.8647275
-1.0482662,6.0861077
11.504717,7.794333
10.266614,11.029859
9.803275,9.001797
-2.6326115,1.7101877
5.976673,0.72355664
1.0527601,7.9802747
11.6771555,10.810449
-0.45890576,6.740956
10.201839,9.754957
-1.927285,6.6330824
11.45674,10.203132
0.36662325,4.853042
6.7901545,-2.7389803
10.648209,9.1413765
-2.1994846,6.7136345
11.5653105,10.812553
9.440264,10.045651
7.1035075,-0.17258659
10.267396,9.152727
7.646529,-2.1156378
-3.3192112,1.8974338
5.720696,1.8716141
5.327789,1.9970645
11.408261,10.102062
1.1565807,8.176507
1.6496239,4.0515985
11.060587,11.152768
1.0621878,5.802717
-1.0469635,6.7499475
-0.6484629,6.088599
-2.5993788,7.440677
12.016313,9.935897
1.2740397,7.0097013
12.122858,6.781346
1.1353918,5.668938
-2.3290448,3.909547
12.334154,10.154589
11.279743,9.877454
7.653597,-2.8243864
11.633422,10.048083
7.340411,-0.2105147
0.86046666,3.3047538
1.5593026,8.4383335
11.210155,7.4942513
12.05981,6.93641
0.25292554,5.4056973
5.261734,2.024744
1.1864387,8.52276
7.0436363,-2.1996217
7.0851493,0.73706293
-0.4887848,6.3983083
6.440682,-2.224234
1.2341751,3.2499495
-3.452145,3.4500868
12.842501,7.4604707
11.991561,9.882258
0.43280616,3.6897924
6.863681,-3.1315162
-2.7000356,7.492986
2.1915832,3.4303353
11.203559,10.37094
1.4113922,6.753849
-2.2673912,2.5348947
12.226965,10.185134
12.97349,7.499383
-0.50019646,6.343304
1.9996923,4.538796
-1.6634113,7.664514
7.6794906,-0.6238326
7.150386,-0.15652044
12.264473,9.825158
1.7022963,7.610951
-2.5665677,7.48007
-1.6492382,3.7212608
0.3141898,5.597715
7.878232,1.162066
11.901919,9.129379
2.2330637,3.529617
-1.6230963,7.53445
10.209553,10.136238
1.2970003,6.2498736
7.550319,-2.7635849
-2.0337126,3.5652301
10.311997,10.972687
10.50298,9.92286
2.035764,3.9134564
-0.6482989,5.9518857
-1.6409148,3.6926355
0.110736765,5.170873
10.02596,9.639313
1.145234,7.170234
1.2362418,4.9129653
1.387172,7.090876
-2.7325213,3.2596815
10.280622,9.719085
12.111325,10.579853
11.9250555,6.725393
11.895534,6.7094417
10.034617,9.986257
-1.4035352,3.097729
3.060629,8.918947
1.6733224,6.8616047
-2.4548628,2.6625147
1.5367088,5.151135
6.760453,-3.0758164
11.446634,10.672133
-0.122890204,5.7977805
-0.6546721,6.426733
4.845629,1.1969486
7.654117,-2.575938
7.2659907,1.0067593
7.544918,1.5082738
-3.1654885,3.774935
5.276189,1.1901238
1.0582119,8.442868
-2.8849454,1.690185
11.432972,10.286475
4.740596,1.3001423
6.635279,1.1294724
6.5632105,1.2000465
-2.3491778,2.4908187
4.9611607,1.2557003
1.8560829,6.965725
0.70106167,3.616769
10.062222,8.591004
2.6476362,4.4133353
-3.878815,3.3018227
2.151779,3.9383054
1.2759908,6.80539
7.837564,1.5024031
10.0884495,9.232362
0.21558319,5.154242
9.3015375,9.871386
11.220929,6.871488
-3.2507992,1.994141
-1.2928283,6.954237
-0.69130564,5.9272056
2.0178256,4.465469
1.7742412,4.190395
9.403184,9.926389
-2.2608967,3.6089559
6.7348614,-2.7668555
5.321033,2.0906622
-2.2985528,2.5691695
9.6728,9.051943
7.6729527,1.4008743
8.014283,-0.5611516
-2.1347306,7.50994
11.551103,9.589838
-3.3809757,3.432548
7.512795,-2.725838
0.9083252,4.427226
11.848081,8.886029
-1.5705781,7.7575226
1.1330259,6.1157513
-3.270257,1.9754386
6.4826164,-2.4068584
1.1632231,7.726507
7.0614076,0.7194208
-1.6810648,7.3168087
1.6817431,7.77819
2.261431,4.153643
1.6242363,6.825568
9.537181,9.342873
-1.9763255,7.421699
7.005081,-2.812735
7.740031,-0.6341214
-3.1341553,2.3825877
4.7644143,2.3302453
10.380574,8.680056
0.59362036,7.689349
12.698639,7.327007
8.1388235,-0.6540903
-3.115674,3.8824441
1.479569,7.7748294
0.7708727,4.80381
9.952548,8.878599
0.74705964,4.268078
1.7767335,3.4525309
2.458291,3.9683714
5.265058,1.5151695
-1.6136228,3.4070928
0.17820242,6.1069465
2.401101,4.309009
-3.9703822,3.4033651
10.464652,10.917665
7.854137,-2.582729
11.379063,10.326232
9.561413,9.262317
-3.2026348,3.4981205
7.115739,-2.7017214
11.036275,11.1648245
-1.2589616,3.543666
-1.6974552,7.093805
0.4909716,6.464515
12.203244,9.940564
10.446138,8.888249
4.9999614,1.9612807
6.5756116,1.5924054
-1.3135235,3.4984448
7.4004245,-0.067472786
0.608366,3.4399517
1.7616028,8.223279
-2.7612164,3.3790038
12.017513,10.247238
0.48645282,5.7692485
9.995218,10.492838
11.411529,9.358758
-2.4034984,2.625893
11.5680275,7.7693043
11.934665,7.3089767
7.7171955,1.2260764
0.17597471,5.394206
-2.4064088,1.8936522
9.7127,10.49158
11.136054,8.879712
11.492702,7.6046
7.6920176,1.6538969
2.380533,8.508265
7.5835404,-2.8649056
7.7938585,-2.554535
1.3760139,6.530107
1.1599643,7.794156
0.789321,4.8005033
10.383992,11.041346
6.643028,-2.6616428
1.1114691,6.625151
9.340348,9.70476
11.934491,6.7077985
6.4354825,-2.296866
9.993621,10.616075
0.4113409,4.9001546
-2.0351248,3.7238948
9.76465,9.012995
10.391819,8.646334
1.2843701,4.254555
1.6208866,4.7460666
12.024881,10.292751
0.50170916,6.0528502
2.5563614,4.4429893
1.5268344,6.466358
7.338924,-2.3834786
-0.551893,5.8840656
-2.7406926,1.8903948
-3.0809238,3.6741984
-2.2374542,6.6888165
10.030143,9.8053875
0.3283325,6.150755
2.0715644,4.4763784
6.40962,-2.205366
2.4984083,8.833992
0.85379237,3.5743837
11.322193,6.92609
1.3055394,7.292615
12.682295,7.3436627
10.462809,9.406473
-2.1346867,6.768038
-2.3975368,3.3727398
2.142499,3.9236588
12.185196,10.333388
1.321679,4.1412764
-1.080668,6.728242
10.203835,10.894615
11.417832,7.036749
6.801989,0.964496
6.6581283,1.6658618
-0.7784266,5.956604
0.36713392,6.3747625
0.50266653,3.6232457
11.201905,6.850261
8.072773,-0.6422192
7.7676053,0.92312515
2.8562899,9.1134
11.249959,7.804375
0.57195735,4.848823
12.2116785,10.18279
9.370317,9.833914
11.813839,10.655322
-1.6366218,7.809783
0.8704774,5.794667
10.036829,9.854439
2.9907513,3.5117733
-1.5660583,7.1259966
12.0463085,9.256073
11.627009,11.002127
7.744697,-2.3633084
-1.7849573,3.6726747
2.5414279,8.845646
6.4285116,-2.1671567
10.870335,9.166521
5.5848823,0.74579376
4.7790895,2.2339897
6.327082,1.4255995
-1.9581742,6.868006
6.4755445,0.32746503
0.9701756,5.8439236
6.7021985,1.2858763
-2.4564307,1.916936
7.287981,-3.0903757
5.120664,1.2988172
0.67892694,4.417538
6.0724244,1.3830751
6.5868516,-2.305779
-2.592865,7.717549
0.6952868,6.2353134
6.682046,0.091482796
-2.327481,2.0514154
-1.6814883,7.9633155
9.438763,9.427992
-2.6425946,1.689459
-2.873809,3.3998175
9.993881,10.87024
-3.2602565,2.0961947
-2.344222,7.2259507
1.881917,8.153951
7.77017,-1.9397581
1.8430161,8.023644
0.6630051,4.314408
6.9468102,-3.128121
7.08649,1.2550316
4.9618154,1.2512437
-2.3206723,3.2986658
-2.2151663,3.6253262
0.60841966,4.9077306
0.23596369,6.62388
6.174658,1.6037327
0.17021841,5.1176186
-2.2963312,2.5757709
0.24135475,6.0394554
1.794059,4.8345437
0.072791815,5.9170628
7.28035,-2.3320334
1.5570896,4.9343653
0.8763793,3.2780259
-2.7470372,2.0436854
10.453774,10.751381
7.130828,1.6456223
5.7260747,1.8494866
12.071632,6.9025726
10.929071,7.8372283
-3.5177097,2.800552
-3.9489028,3.3422434
-3.4506416,2.1496642
11.475676,10.295492
4.588874,1.3858408
1.4221656,7.5099845
11.58492,7.311366
-1.9142332,7.8822155
1.1191916,8.199947
1.2378867,7.792643
7.71655,-2.652748
12.477598,8.133558
1.0418289,8.012949
7.7167683,-0.6250212
9.977539,10.493803
6.8989367,-3.1668637
6.3923483,-2.0703654
-2.4030852,1.8642573
-2.23816,3.62587
12.100522,6.7369256
10.9734335,7.751405
-1.2604856,7.822548
-3.226526,3.9281428
-3.4307292,2.0511494
-1.5810001,7.3790803
11.936552,10.179455
10.385749,10.904197
10.896351,7.8350787
10.084962,10.338081
0.2770113,4.824437
9.858834,8.902484
1.266439,5.7438946
-0.92543733,7.0344067
10.50779,10.530809
12.116454,9.835324
7.1509156,-0.20322081
11.569076,7.5299535
10.563303,9.886185
7.2487607,1.7533389
-2.8748097,3.3895166
11.720389,10.1864805
11.401598,7.9537363
5.5074406,1.0729829
1.5269908,4.9225173
-3.4387963,1.9450893
-2.6002169,7.343238
1.4876522,8.467957
5.530293,1.7470747
0.0063327714,5.302501
9.491287,9.2481
-3.3522263,1.9288228
2.0511987,3.6410987
-2.4467125,1.8819839
-1.4398177,7.142416
7.616101,1.483318
2.007097,3.6192317
1.1523677,4.3016157
-0.7857722,6.5690117
12.035027,10.264988
1.2528454,6.984325
12.919198,7.5730314
0.81923825,4.70243
2.9854531,3.5148299
1.0098081,4.523691
2.6039422,8.816676
-2.127567,7.5072136
2.6175635,4.2391577
4.914656,1.7897176
9.274146,9.858113
-1.4005101,3.0691912
1.7009152,3.4758334
0.8178029,6.206811
0.5838758,4.0618
7.156321,-2.2495167
10.124191,11.023798
0.77362454,4.9672475
-2.2197344,6.7409277
10.446884,10.96145
7.2614202,1.0459313
0.5415627,3.5285995
1.9058971,3.7828138
9.881035,9.630232
-1.9660792,2.813346
7.591787,-0.6224888
-0.4366501,6.8986216
-1.3702284,3.5313823
11.626601,9.5329485
10.097832,8.518599
0.86689323,4.0237203
2.7245986,4.41527
10.65403,11.134276
0.88571703,4.5724535
10.438229,11.090103
6.900081,-2.2237775
2.20665,3.5195484
10.362904,11.024151
12.088212,6.7751718
6.6936874,1.3544875
0.30086997,4.848375
-2.6182842,7.7906184
1.2508507,7.6268506
7.7893496,0.86675924
11.275449,10.406114
10.332268,10.589457
6.8967104,1.2963066
1.8870568,8.146824
7.804165,1.7484007
-1.727646,3.6800864
11.196529,11.184469
-3.0111141,4.06044
11.248073,10.403905
-1.6499113,7.0151343
0.74163055,3.5783064
-2.1703205,2.4242299
1.061707,4.4528565
6.8865395,-2.2319915
3.1524732,8.841981
8.111425,-0.6552731
7.4557734,1.4537455
11.923073,10.020896
0.59248894,3.4802728
4.9797235,1.289363
-2.72077,7.59533
0.7511695,4.0414743
10.246285,10.590968
7.3420744,-3.0527415
5.3444242,1.3840041
0.9383579,8.2900505
12.074488,6.7549386
12.627277,7.9230866
5.282868,1.7669048
-2.4934602,1.7365457
6.446189,0.8621228
10.266795,8.590402
2.5489223,3.6958978
9.965746,8.9617
2.0376713,3.5069103
-2.662844,2.1179006
-2.1162515,2.6195521
7.668976,1.6095812
6.777214,-2.933491
4.986653,1.9503461
-1.2654082,7.8259687
-1.4238344,3.2445352
-1.6582599,7.846398
4.643414,2.420455
-2.6919994,7.512883
5.915186,1.4180839
4.804704,1.3734335
1.8377138,4.8432713
-1.3398585,3.55952
-1.120497,3.3806293
11.913056,9.59556
-2.992355,4.0932584
11.424115,10.727173
1.4241805,7.994354
-0.45683452,6.869518
0.3733627,6.3904433
-4.010839,3.315089
9.627629,9.165142
11.280524,6.91718
5.3797655,1.5277346
-3.5419292,2.750006
9.527798,9.402165
12.366946,10.098422
1.6838607,7.0688014
11.795542,10.590804
7.8345103,-2.550716
-2.414372,2.6994255
10.857221,7.8927083
-1.2478217,7.830934
10.08072,10.305542
0.9795673,8.387159
10.106551,10.398588
2.9484568,9.025038
0.5267723,6.0502625
6.766719,0.21670298
5.8368163,0.7881863
-2.9262965,2.0691698
7.0680666,1.52682
2.2752757,3.6692438
1.7627342,7.6642866
0.2563799,5.519886
10.51922,10.439202
12.087953,9.828033
-3.21748,3.767212
-3.5139072,3.7780755
-2.541886,2.3161337
2.2181888,3.778369
5.619148,0.8540261
0.6639612,5.9808173
1.1917487,5.5837193
11.318096,10.496162
12.079483,6.8341007
10.964085,10.288235
7.003936,1.628335
-3.8768723,3.4846048
2.406007,4.213586
-2.39794,7.6312137
7.0699677,0.6840779
0.85054874,5.8192077
0.4349162,4.5549746
1.1702756,7.2217393
-1.7933228,7.989164
9.613329,10.516025
6.390946,-2.0938313
-2.5553224,3.701035
0.48565543,6.4384317
4.7876477,1.8770512
11.559033,9.007707
-2.692588,7.60357
2.6868615,8.628376
2.021921,4.2156568
1.0653888,6.7700267
-3.3031883,1.9770309
-2.024355,7.6382933
-1.8801647,3.0461538
0.1191649,4.8403907
5.759023,1.2249832
10.378765,9.436005
-3.9399743,3.3262053
1.4500327,8.502794
-3.0635924,1.8766491
1.0235224,3.0570316
-1.751261,3.7352598
2.7518055,8.266975
1.9564013,4.9033895
12.569852,7.6819406
0.7519815,6.140112
11.890379,10.377258
11.065509,9.940512
7.6496634,-2.6644282
-2.151147,6.6415772
12.068115,9.845629
6.75758,-2.4844718
9.25816,9.769276
7.0133853,-0.106168635
7.1725473,-0.21073587
0.40768698,6.4251804
1.7979443,4.7528405
0.9984563,5.661704
11.756556,10.673809
6.9352984,-2.043774
-2.609227,3.863722
5.1137543,1.7841257
6.952437,-2.9241931
12.957674,7.5269785
8.03426,-0.6097059
0.6020461,4.1576686
-3.1914697,2.042831
0.8777549,3.88287
1.7693648,3.4500463
12.920347,7.5578747
10.115264,10.836262
9.851211,9.963887
10.593608,9.107888
2.0036726,3.4174092
12.074887,6.735283
-1.0469042,7.3749614
7.886313,-0.63960356
0.44509402,6.3229446
-2.6499383,7.52621
10.0436,10.871517
-3.289134,3.7269053
-2.514929,2.6086254
1.7705519,7.6092305
-0.7228567,5.957703
-3.3543715,3.6645849
11.381417,10.225298
0.34793675,4.8671765
4.9547615,2.056169
11.9535,10.840137
5.6095924,1.3028343
11.376225,9.970323
1.0945241,8.244022
8.105158,-0.67071515
11.274751,6.886913
3.4200253,3.2991402
-2.2517376,2.1060507
10.17433,8.45227
7.2935753,-2.2179887
2.794051,3.5401053
2.0746531,3.5039964
-3.2148101,2.0444412
7.326543,1.1861013
0.64023226,5.1158752
2.7810152,9.143004
1.5104773,8.507789
0.8357018,4.146998
-0.56538403,6.6674557
2.269289,4.274115
1.5828663,6.8630924
9.604628,10.046088
1.5836916,3.8706264
-1.8388921,6.7891445
10.232579,10.359427
7.7422643,-0.64494646
-0.50066394,6.9649134
5.0178733,1.9845897
-3.8754454,3.5428493
-2.750559,3.8142185
1.2916927,4.374185
-1.6476293,7.3006654
9.527817,9.998149
11.470235,10.815817
11.794067,10.037125
6.42331,0.3892977
6.947739,0.29144692
-2.5511935,3.2885072
8.067695,-0.6453572
0.79204756,4.064294
2.1718352,3.8010108
-3.328301,1.9112644
11.607112,7.3632917
6.852623,-3.0629778
10.441065,10.983236
4.796506,1.7531233
4.5359845,1.8916247
6.382896,-2.0378475
9.544179,9.2859955
-0.52039033,5.8458123
1.8166295,8.235218
-1.2581916,6.165658
-0.49585462,6.840317
12.393663,7.605622
9.943019,9.508257
4.9073133,1.2223148
9.948014,10.484242
11.981276,7.016685
10.114648,9.207733
4.917671,2.022759
9.487204,9.581576
0.5368207,4.0809336
-0.6493203,6.834001
7.6129837,-0.52452886
5.6190267,0.9948158
6.621361,-2.7294028
7.780673,-1.9528546
-3.2344508,3.7581728
6.5369163,0.32416034
-3.2793179,1.9816592
2.4326432,3.9543393
2.4310138,4.5149226
7.9860783,-0.63617337
1.6101729,5.048613
1.7424036,4.0427256
2.7814465,8.327447
1.9683273,3.9889176
6.909341,0.26158148
10.134277,10.764396
11.985802,6.7637014
1.2908667,7.5698233
7.722245,0.30211163
11.780376,7.512173
11.741573,10.491763
10.514183,9.531516
-2.4703603,7.2765613
-2.5482395,3.3170364
7.3896203,1.7702959
11.70347,7.084992
1.4021292,8.456257
10.755502,8.960951
8.042705,-0.64329123
7.6092057,-2.787782
10.058285,10.243319
0.4812385,4.919505
-2.4663122,3.3494282
6.548404,-2.3554244
-0.49051008,6.717113
-2.3894346,7.036522
2.199318,3.8630064
2.001576,4.218102
-3.230037,3.3759198
7.8117566,-2.5883205
10.260806,9.42555
6.9143524,1.3157142
-3.2396288,3.9245403
-2.6278222,2.3712013
5.4126806,2.00584
7.110894,-0.22665869
-1.9994812,4.0659432
1.9962758,4.901888
2.1569097,4.439395
1.9893347,3.399757
-2.346554,2.3054047
6.4291162,-2.1980896
-3.4242601,3.8851192
0.8224785,4.5418653
0.3664498,5.3226757
6.8023825,-3.1431696
10.3255005,10.54005
11.397476,10.224236
-2.8655095,3.3874295
4.7660847,1.3525646
10.188025,8.487119
10.409088,11.191653
4.580702,2.4276366
0.98696196,7.960952
1.6338093,5.3589377
12.096692,9.871253
-2.0196698,3.9409695
-3.4528203,1.9044316
1.082865,5.0787435
7.7073636,-2.2660031
7.7369676,-2.3778641
2.0952318,4.34054
10.897344,9.3572445
-2.1990533,7.4060645
5.8186255,0.9277452
10.527312,10.422338
9.290571,9.832922
1.2883192,8.449981
7.302393,1.1040465
-0.63058394,6.5293946
0.7853815,4.289288
-2.5025547,7.2375317
-3.9194145,3.2753718
-2.8858697,3.378678
10.600631,9.662518
-0.5979916,6.325732
0.1955981,6.1031814
4.6189895,1.5761884
0.8899653,8.190971
12.305184,9.9373665
7.1002774,-0.26073328
10.081197,8.965946
-1.4452859,3.0672715
10.132313,9.043779
-3.656485,4.04985
11.212274,6.8824997
0.6389387,5.7170644
7.4105864,1.3065647
11.413628,10.250133
-1.764824,7.036862
9.847476,9.779457
10.127512,9.972678
11.436338,10.001627
4.9018445,1.2677909
7.2565,-3.0976164
11.725805,6.8625007
9.7358885,9.883784
-0.43866473,6.8765035
0.76883155,4.285529
12.687776,7.301152
5.7175655,1.8693354
2.4404464,4.0113063
10.106479,9.876114
6.391275,-2.1361632
-2.701304,2.1065578
7.2396874,1.0452745
-0.02352299,6.4677243
9.727958,10.60886
7.0709863,-0.20883945
2.8970656,3.577484
6.9335637,-3.1333508
5.524036,1.1007996
6.567523,1.0237536
12.778902,7.362158
11.711442,8.906799
10.410352,11.045236
0.98537886,4.21633
4.567049,1.5067642
9.884231,10.677108
1.8632085,8.094189
6.6782446,0.044599876
4.925345,1.5551772
12.994359,7.55447
6.0611086,1.8419534
-3.3708076,1.9660857
11.424615,10.647608
2.22902,4.116685
-0.9476783,6.8289685
9.646026,10.523792
9.736048,10.64841
-1.6215906,7.3485556
5.6736345,1.3388274
12.049906,10.84007
6.200311,1.1772687
2.9352727,9.065427
12.265795,9.932292
11.233995,9.620313
1.7033496,5.971577
-2.5295284,2.6409228
12.92473,7.5815783
10.204955,8.38394
7.073251,1.3848332
0.56054425,5.7375765
10.376412,9.418303
1.2782725,4.530818
-2.2026474,6.793923
11.470872,7.57708
1.1132908,7.710039
10.740119,10.722878
4.5125523,2.1280477
9.759428,10.245313
1.3284669,3.2589607
4.856015,1.1741322
5.99679,1.5016425
11.186132,6.881485
7.3041306,-0.25768155
12.775641,7.835276
-2.3753688,2.411258
7.015944,0.11208312
2.5359552,4.4195924
11.959339,9.806635
11.797683,9.775896
2.5601225,3.625415
1.5133592,8.456364
0.5475386,3.4976509
10.042658,9.51138
11.750417,9.581426
0.36039984,3.8867085
-2.6511915,2.118449
1.734584,6.083901
1.6275572,7.9214287
-3.1572323,1.8693495
2.2012045,4.0399556
-2.4639153,1.7955548
5.76014,0.9657363
5.0138855,1.1602015
1.4178337,7.357675
-2.393613,7.293398
9.620941,9.015177
-1.0927554,6.602035
7.827676,1.5272114
10.239719,10.946286
0.8725077,7.7804937
12.307588,10.184987
10.088217,10.60125
2.0568812,4.676036
6.6002355,-2.677344
-0.7983898,6.5906196
12.310585,7.7744627
1.6019046,5.0769224
12.319039,10.162327
9.949051,9.831576
12.332693,8.040956
12.276424,9.867474
-2.333895,7.042572
5.8479443,1.5651213
11.42637,10.425617
7.6401587,-2.6992776
2.340386,4.083284
11.4412565,9.584073
-3.9736502,3.317096
6.798201,-2.5773556
6.849961,0.94827664
10.3925905,10.778295
2.1889722,4.2693977
2.0597792,4.6317267
12.228519,9.998933
9.795645,8.9839
5.6741424,1.6877911
7.1269,0.7416496
-2.4517667,3.3607793
-0.46242872,6.794237
-2.4005399,1.8362888
0.35651177,5.3499727
11.460519,8.111118
7.6457562,-2.143943
-2.707805,7.527851
7.6539125,0.15535092
-1.5784668,7.2150173
7.7090077,0.30583018
10.273112,11.012593
1.2160313,6.9030666
6.4438257,-2.1824577
-1.9849355,7.9847927
-2.4012167,3.569548
11.195139,7.1887283
-2.2579813,7.4393783
1.0474169,5.800062
11.558956,10.158223
0.948884,7.724572
11.709438,10.024523
4.733336,2.2820609
-3.0590463,4.0605736
10.046163,8.834912
10.5996275,9.536805
1.2828594,5.6012044
0.113989115,6.4071546
6.1212196,0.5727104
7.67315,1.4664663
6.9508886,0.032315675
-1.6203104,7.955468
12.748658,7.6636224
7.6487594,-2.1531374
-1.9979746,6.8749757
2.3627787,3.5276763
5.997643,1.564586
6.269452,0.9144001
0.6492085,4.9550343
11.994351,10.451148
7.7758446,0.93836254
10.092966,10.810682
2.8902867,4.584021
12.01449,9.712714
-2.4907212,1.7392955
11.2333975,6.8626323
-2.9820373,3.9692225
7.1582427,-2.8243163
-2.7877967,3.3084402
-2.6011155,7.3902583
1.0435386,7.963459
-3.2361054,3.7081447
1.3613693,4.752285
1.0645585,4.1413713
1.6645329,7.6694684
-2.936687,3.3087218
12.564507,7.806506
0.12555808,4.729176
3.1547256,8.851961
4.957376,1.4052902
1.250937,4.8965693
-2.2064807,6.942341
2.1212425,3.8155615
-1.1001394,6.755217
1.0568467,5.801506
1.9591944,3.5862198
5.203736,2.2681136
-1.7752333,6.968278
10.251705,10.170324
11.994532,10.283822
1.1739182,3.3761904
-2.6486077,7.6520004
1.4461241,7.4870825
-0.6940524,6.954926
6.7057476,1.3875073
-0.37301978,5.9925246
9.787663,9.604176
3.014342,3.4521954
10.378934,9.260859
-3.2082384,3.4247417
6.4289246,-2.1547508
5.1048255,2.1210055
7.6362815,-2.633315
-3.5579696,3.7408767
12.691119,7.8382244
4.509463,1.5305405
4.9347672,1.9141977
0.4188295,4.7325892
-2.000207,6.666921
9.882478,8.885159
-3.087997,3.9038274
2.0215127,3.48958
4.7738285,2.2682862
11.359914,7.659162
1.2703568,3.23168
-2.1585922,6.6197653
-2.0223055,6.8562613
-0.040502075,5.526992
2.1790843,4.129142
-2.185699,7.3814173
11.643691,8.939368
9.921071,10.896878
5.3707066,2.0066683
1.3113325,8.015794
12.446221,7.325837
-1.4362369,7.7583385
-0.40665272,6.5201592
9.952284,9.566378
1.736949,4.067531
10.072845,9.358732
2.002087,4.4865394
7.1414247,0.73965144
1.7005185,7.660943
7.3468127,-2.0799525
12.0985155,6.8247223
0.92700046,5.800947
11.810504,10.938483
0.07460591,4.6850038
-2.481388,2.2706761
10.335042,11.064132
6.771359,-2.50281
0.70969814,3.4322236
0.84504455,3.290199
-3.160459,1.81447
1.6152622,4.791953
2.7926033,9.169689
0.8860459,4.6902294
12.095847,6.794427
2.755886,9.199218
1.2055503,6.932017
5.804264,1.5775659
0.39052537,6.34169
11.2989025,10.580925
6.4583707,-2.13584
10.696056,8.662202
-3.5136724,3.77444
1.4844936,7.505211
0.27747,5.9237504
1.233984,4.642552
2.5676394,8.859158
1.4329029,4.677214
12.189974,9.9798155
7.8290024,1.4475329
1.0461257,8.475594
-2.439385,1.8770092
-1.3024179,7.8639402
2.0259216,4.570814
-3.5930119,3.8075078
9.507097,9.382239
0.6495918,5.127486
9.758337,8.983846
10.256106,9.265971
-3.390665,3.0219936
7.6687217,1.6659915
11.472003,10.143683
10.119927,8.264174
3.090205,8.909668
11.994518,10.618221
0.46524885,5.604895
6.805608,-2.725929
7.3151593,0.96089476
6.4280925,0.88248
7.258645,-2.2772129
7.2719655,0.9730374
-3.8689077,3.438196
6.706417,-2.987673
11.498811,7.6530466
5.3043323,1.5306566
11.222888,9.606276
1.9120717,8.171848
-3.3951688,2.240989
-1.689133,2.9251099
1.3033268,7.059613
-3.4736452,1.9348228
10.4035845,10.346038
-2.1597707,6.820355
6.732822,-2.779405
1.4583976,8.520134
2.5153747,8.725689
7.81608,-2.5913053
1.7940034,7.9680114
0.59875786,5.204473
6.5547085,1.3221861
1.4719898,3.3300169
-0.86477304,6.3843555
0.83996886,5.3392296
11.570728,9.818898
7.7943306,-0.65829235
7.282461,-0.20425682
4.5840173,2.4232175
11.505201,10.526745
10.793811,11.1789875
6.806099,-3.1295228
5.6258907,1.215987
11.786239,8.962597
2.511273,4.2073383
1.2332286,4.7076488
0.5814885,5.180232
10.386804,10.10021
11.454113,10.287694
5.8343616,0.79521376
-0.50906336,6.74069
-0.7527474,5.995079
-2.2820485,7.257082
0.20770742,5.388363
10.980097,7.7424927
7.8835087,-0.7040168
1.3963711,7.1222425
2.1415946,3.8566217
1.9156052,4.897661
9.30214,9.764034
10.5709095,9.7735815
2.4929645,8.515902
11.385701,10.293025
6.663219,-2.838316
11.508721,7.5758557
10.653063,10.312174
1.7250979,3.4940248
7.36239,-2.400209
12.856688,7.5866036
-0.66591984,6.5313854
-2.78728,3.2570875
-3.7508957,3.572979
8.078336,-0.65684646
5.6182857,1.6774473
5.856591,0.76623
2.3205783,4.131128
11.229548,6.886656
6.57274,-2.6564336
2.3853166,3.6432998
-3.4643579,3.8287194
2.8854449,9.118805
6.8175206,-2.818055
5.5954533,0.87197345
9.687325,10.034451
7.6240797,-2.595202
11.417674,10.202141
-1.979366,7.8189054
-2.991491,4.0882697
-1.6608196,7.295207
11.2029505,11.178732
-2.054955,7.620492
0.5679006,7.64819
1.2909322,5.1288977
11.499641,9.98208
2.6376374,9.005174
-3.4146314,2.1625974
5.3715324,1.3449473
-1.77677,3.6837025
-1.6481528,3.7210703
5.8868957,1.4378521
-3.9758801,3.376711
7.6493034,1.6934241
11.688377,8.991643
12.841379,7.8015666
-1.7840043,6.963892
2.1642659,3.8951924
-1.3794062,3.0928063
11.813456,10.265804
1.676411,4.920115
-2.4402456,2.690184
